Build,ssh start, docker start, docker tagged, docker up, unit test start, ssh stop
14300,11:13:08,11:14:25,12:03:31,12:04:44,12:10:48,12:41:32
14301,11:38:57,11:39:46,12:23:52,12:24:48,12:29:13,13:04:53
14303,13:53:59,13:54:18,14:12:29,14:13:49,14:16:58,14:55:28
14307,19:54:36,19:55:02,20:23:02,20:23:48,20:28:39,21:09:06
14310,20:08:01,20:08:25,20:40:56,20:41:24,20:47:24,21:23:47
14311,20:10:50,20:11:24,20:54:00,20:54:57,21:01:54,21:31:08
14312,21:14:18,21:14:38,21:39:23,21:40:36,21:43:38,22:31:04
14315,02:41:57,02:42:19,03:13:25,03:13:51,03:20:04,04:04:11
14316,02:43:11,02:44:02,03:44:28,03:45:55,03:53:02,04:35:36
14323,08:10:39,08:11:01,08:46:03,08:47:51,08:54:10,09:37:42
14328,15:23:58,15:24:18,15:46:45,15:47:19,15:51:49,16:22:43
14335,17:37:45,17:39:19,20:03:39,20:04:50,20:09:55,20:47:31
14336,18:25:45,18:27:28,19:48:31,19:50:03,19:53:06,20:39:53
14338,18:40:38,18:42:10,20:02:37,20:05:00,20:08:08,21:00:59
14339,18:47:02,18:48:34,20:15:25,20:15:53,20:23:49,21:18:24
14341,19:07:09,19:08:19,20:10:35,20:11:29,20:20:30,21:18:11
14343,19:57:08,19:58:23,20:31:55,20:33:05,20:38:27,21:24:44
14344,20:18:19,20:19:00,21:04:12,21:06:55,21:10:11,21:56:50
14345,20:56:53,20:57:39,22:33:51,22:34:52,22:42:28,23:20:57
14346,21:12:43,21:13:17,22:16:05,22:16:43,22:23:19,23:02:50
14349,22:28:26,22:29:17,23:15:51,23:16:36,23:19:33,23:57:15
14350,22:33:27,22:34:25,23:29:48,23:30:57,23:36:31,00:39:43
14352,23:23:51,23:24:29,00:20:15,00:20:42,00:28:51,01:14:52
14353,00:37:24,00:37:53,01:13:31,01:14:25,01:16:31,01:53:00
14354,02:16:09,02:17:17,02:46:47,02:47:46,02:52:44,03:25:34
14355,07:42:00,07:42:35,08:06:55,08:07:16,08:12:17,08:47:50
14357,09:52:32,09:53:02,10:31:38,10:32:36,10:37:48,11:09:45
14359,14:39:56,14:40:23,15:11:39,15:14:19,15:18:56,15:54:54
14361,20:09:34,20:09:58,20:40:30,20:41:38,20:47:44,21:30:57
14362,20:46:26,20:46:50,21:10:46,21:11:50,21:15:08,22:03:51
14363,21:00:25,21:00:44,21:17:01,21:18:04,21:20:40,21:56:32
14369,02:57:46,02:58:20,03:18:30,03:19:58,03:23:37,04:10:00
14372,09:24:00,09:24:18,09:44:07,09:44:59,09:47:36,10:28:19
14373,09:58:02,09:58:24,10:31:34,10:32:23,10:36:31,11:14:55
14375,12:56:05,12:56:25,13:23:01,13:23:42,13:27:41,14:14:36
14377,14:27:22,14:27:44,14:58:37,15:01:06,15:05:46,15:46:25
14379,14:28:55,14:29:42,14:56:20,14:56:45,15:02:57,15:46:42
14380,14:30:34,14:31:28,15:02:42,15:05:23,15:09:38,15:47:38
14381,14:34:13,14:35:01,15:06:16,15:06:48,15:13:23,15:56:42
14382,14:42:48,14:43:07,15:01:31,15:02:12,15:04:19,15:39:24
14383,14:55:21,14:55:42,15:22:16,15:22:52,15:25:16,15:50:30
14385,16:24:39,16:24:59,16:50:00,16:50:48,16:55:41,17:32:18
14386,16:28:24,16:28:45,16:50:33,16:51:59,16:55:26,17:41:49
14387,22:32:37,22:32:56,22:50:38,22:51:49,22:54:50,23:35:01
14388,22:43:30,22:43:51,23:07:01,23:07:53,23:11:21,23:53:09
14390,22:52:23,22:52:44,23:27:01,23:27:51,23:31:17,00:02:04
14391,22:54:20,22:54:40,23:14:58,23:15:48,23:18:16,23:52:35
14392,01:30:08,01:30:50,01:48:42,01:50:14,01:53:13,02:33:15
14393,01:46:32,01:47:02,02:06:39,02:07:50,02:13:13,03:05:10
14394,04:39:19,04:39:42,04:59:31,05:00:34,05:03:03,05:41:32
14398,11:56:13,11:56:53,12:41:21,12:45:18,12:52:15,13:40:03
14399,12:06:10,12:06:59,12:50:04,12:51:10,13:00:05,13:49:24
14401,13:55:25,13:55:46,14:20:15,14:21:03,14:25:43,15:02:31
14403,14:14:09,14:14:34,14:58:36,14:59:17,15:03:28,15:38:57
14404,14:43:29,14:43:52,15:07:50,15:08:25,15:12:32,15:46:15
14407,15:53:43,15:54:36,16:25:38,16:26:45,16:32:27,17:12:06
14410,16:59:01,16:59:19,17:18:39,17:19:23,17:22:10,18:01:01
14412,17:20:04,17:20:53,18:06:41,18:07:43,18:11:29,18:46:49
14413,17:35:58,17:36:18,17:54:58,17:56:35,17:59:31,18:35:25
14416,19:10:33,19:10:55,19:32:55,19:33:56,19:36:22,20:15:06
14418,20:51:16,20:51:39,21:16:55,21:18:08,21:21:19,22:07:00
14419,20:53:50,20:55:22,21:17:56,21:18:23,21:23:00,21:56:05
14420,20:54:40,20:55:40,21:15:26,21:16:16,21:18:52,21:59:26
14421,21:45:13,21:45:52,23:08:18,23:10:38,23:20:10,00:05:38
14422,01:09:03,01:09:30,01:32:33,01:32:50,01:37:33,02:10:31
14423,01:35:07,01:35:39,01:51:35,01:52:26,01:56:21,02:35:43
14424,01:36:07,01:36:37,01:52:37,01:53:32,01:57:46,02:39:50
14425,02:40:29,02:40:54,03:03:55,03:05:06,03:10:16,04:03:18
14427,03:53:29,03:53:48,04:14:11,04:15:03,04:17:47,04:58:09
14428,04:13:09,04:13:42,04:30:31,04:31:11,04:33:14,05:13:01
14429,08:34:42,08:35:06,08:54:43,08:55:15,08:59:48,09:46:20
14430,08:35:11,08:35:36,08:52:59,08:53:25,08:57:19,09:37:25
14432,11:02:48,11:03:45,11:29:35,11:30:30,11:34:22,12:23:10
14433,11:54:44,11:55:14,12:19:35,12:20:51,12:26:09,13:25:07
14434,13:16:36,13:17:11,13:43:35,13:44:43,13:48:19,14:39:45
14435,13:17:50,13:18:21,13:41:47,13:43:01,13:49:06,14:41:21
14436,13:29:30,13:29:51,13:53:23,13:54:03,13:58:58,14:31:50
14437,13:33:00,13:33:41,13:54:55,13:56:02,14:01:03,14:53:18
14438,13:37:12,13:37:37,14:02:23,14:02:45,14:07:52,14:40:14
14441,14:53:46,14:54:07,15:13:14,15:14:07,15:17:33,16:01:59
14442,15:37:36,15:38:37,16:04:09,16:05:14,16:08:32,16:55:14
14444,15:45:45,15:46:18,16:10:03,16:11:44,16:15:50,17:02:07
14445,17:01:06,17:01:57,17:24:43,17:25:48,17:30:48,18:18:22
14447,17:09:24,17:11:30,17:34:01,17:35:00,17:39:17,18:26:48
14449,17:15:45,17:16:38,17:45:21,17:45:58,17:48:21,18:13:44
14450,17:32:58,17:33:24,17:54:05,17:54:51,17:57:08,18:33:39
14451,17:38:11,17:38:44,18:08:24,18:09:09,18:13:39,18:57:16
14452,17:41:11,17:41:35,18:06:10,18:06:53,18:13:16,19:01:12
14454,17:50:49,17:51:20,18:10:33,18:11:27,18:15:17,18:57:53
14455,19:24:58,19:25:30,19:46:37,19:48:07,19:51:10,20:36:54
14456,19:52:33,19:52:53,20:15:54,20:16:59,20:19:47,21:06:27
14462,21:38:08,21:38:54,22:02:16,22:02:56,22:04:56,22:38:15
14463,21:46:26,21:47:10,22:08:38,22:09:10,22:13:34,22:59:43
14464,21:47:20,21:49:52,22:13:06,22:14:09,22:16:44,22:58:34
14466,22:01:59,22:02:18,22:18:05,22:18:55,22:22:11,22:58:27
14469,01:51:59,01:52:21,02:08:42,02:10:36,02:13:14,02:49:59
14470,02:03:17,02:03:37,02:26:38,02:27:32,02:30:04,03:07:30
14471,02:04:02,02:04:25,02:41:19,02:42:10,02:45:23,03:15:21
14472,02:04:48,02:05:49,02:24:11,02:24:51,02:28:31,02:57:05
14473,02:05:29,02:06:40,03:10:09,03:11:48,03:17:56,04:12:29
14474,02:29:02,02:29:30,02:56:14,02:57:13,03:00:20,03:49:19
14475,02:30:41,02:31:18,02:52:43,02:53:42,02:56:06,03:34:46
14478,04:14:08,04:14:35,04:34:46,04:35:18,04:37:26,05:17:31
14480,04:44:21,04:44:44,05:07:55,05:09:23,05:13:10,06:03:15
14482,05:21:54,05:22:18,05:41:42,05:43:18,05:46:31,06:26:39
14483,05:22:07,05:24:44,05:43:25,05:43:39,05:47:28,06:15:31
14485,05:22:21,05:28:15,05:50:26,05:51:03,05:55:06,06:28:40
14486,05:22:34,05:28:24,05:50:14,05:50:52,05:55:05,06:31:02
14487,05:22:44,05:28:25,05:47:43,05:48:08,05:49:54,06:21:52
14488,05:22:47,05:29:19,05:55:32,05:55:50,06:00:36,06:36:47
14489,05:22:55,05:29:39,06:27:31,06:30:49,06:38:44,08:29:19
14490,05:23:01,05:29:33,06:27:18,06:28:57,06:37:26,08:15:55
14491,05:23:25,05:29:41,06:17:57,06:19:44,06:27:47,08:11:50
14494,05:42:32,05:43:13,06:14:29,06:16:09,06:22:53,07:38:59
14496,05:52:01,05:52:37,06:07:26,06:08:09,06:11:30,06:43:33
14497,05:52:07,05:52:51,06:14:58,06:16:15,06:21:28,07:11:38
14498,05:53:16,05:54:12,06:58:27,07:00:21,07:08:03,08:39:27
14499,06:01:59,06:03:08,06:21:12,06:22:12,06:27:09,07:12:55
14500,06:02:10,06:03:14,06:27:42,06:29:58,06:33:58,07:23:26
14503,06:12:27,06:14:45,06:56:03,06:56:49,07:01:07,08:01:10
14506,06:23:11,06:26:43,07:16:18,07:18:42,07:24:19,09:07:15
14507,06:31:56,06:33:28,06:52:51,06:53:35,06:55:55,07:33:23
14508,06:32:06,06:33:31,06:56:22,06:57:16,06:59:58,07:44:43
14511,07:21:19,07:22:05,07:47:56,07:48:32,07:51:02,08:31:12
14512,07:33:56,07:34:49,08:06:56,08:08:04,08:11:19,08:58:32
14513,08:22:22,08:22:53,08:40:35,08:41:27,08:45:07,09:24:29
14517,10:01:01,10:01:33,10:18:48,10:19:43,10:23:35,11:05:55
14518,10:34:16,10:34:40,11:06:14,11:07:15,11:14:32,12:15:22
14519,11:29:55,11:30:18,11:46:44,11:47:20,11:49:33,12:22:35
14521,11:31:15,11:34:24,12:24:41,12:27:26,12:37:54,13:28:33
14522,12:27:08,12:27:30,12:45:12,12:45:41,12:49:54,13:29:01
14523,12:37:53,12:38:30,12:59:55,13:01:01,13:05:29,13:48:14
14525,12:49:15,12:49:39,13:10:47,13:11:57,13:16:54,14:07:53
14527,13:38:27,13:38:48,13:53:27,13:54:05,13:56:48,14:31:38
14528,13:57:01,13:57:21,14:22:17,14:23:18,14:26:31,15:07:13
14530,13:57:47,14:01:30,14:23:46,14:24:35,14:27:53,15:08:28
14531,13:58:02,14:01:34,14:21:12,14:22:21,14:24:58,14:59:59
14532,13:58:09,14:01:36,14:21:34,14:22:12,14:24:01,14:54:10
14536,13:58:50,14:01:47,14:21:26,14:22:23,14:26:09,14:59:26
14537,14:02:01,14:04:39,14:24:42,14:25:30,14:27:49,15:03:39
14538,14:02:17,14:04:38,14:26:35,14:27:44,14:32:26,15:27:22
14542,14:42:17,14:44:53,15:02:05,15:02:27,15:06:40,15:46:04
14544,14:42:20,14:45:07,15:07:43,15:11:20,15:14:20,16:00:05
14545,14:42:23,14:45:12,15:06:58,15:07:37,15:12:53,16:06:04
14546,14:42:25,14:45:11,15:09:59,15:10:17,15:14:32,15:50:29
14548,14:52:14,14:53:15,15:18:46,15:20:03,15:25:21,16:18:41
14549,15:01:55,15:02:21,15:20:34,15:21:01,15:25:23,16:05:25
14550,15:02:08,15:04:19,15:21:39,15:22:28,15:26:08,16:05:57
14551,15:02:07,15:03:35,15:20:08,15:20:31,15:24:27,16:02:19
14552,15:02:21,15:04:41,15:29:55,15:31:23,15:37:46,16:29:09
14555,15:12:11,15:13:57,15:44:47,15:45:46,15:49:28,16:42:29
14556,15:12:16,15:13:55,15:32:22,15:32:46,15:37:46,16:20:27
14557,15:22:05,15:24:14,15:42:10,15:43:04,15:47:12,16:28:18
14558,15:22:15,15:24:25,15:43:15,15:44:18,15:48:52,16:28:45
14559,15:32:04,15:33:52,15:57:48,15:58:25,16:04:31,16:54:59
14560,15:32:12,15:33:59,15:53:25,15:54:23,15:58:29,16:40:50
14561,15:32:14,15:34:02,15:54:15,15:55:19,16:00:05,16:47:49
14563,15:42:07,15:43:33,16:02:59,16:03:26,16:07:47,16:55:17
14565,15:52:02,15:52:58,16:12:24,16:13:31,16:17:44,16:54:33
14567,16:21:53,16:22:14,16:42:34,16:43:38,16:47:52,17:32:54
14569,18:13:41,18:14:03,18:30:42,18:31:34,18:34:50,19:11:48
14570,18:19:48,18:20:12,18:37:35,18:38:01,18:41:58,19:21:47
14574,20:59:43,21:00:06,21:21:55,21:22:30,21:27:54,22:18:20
14575,21:22:10,21:22:33,21:40:08,21:40:59,21:44:59,22:24:27
14576,21:29:09,21:29:30,21:47:09,21:47:35,21:51:51,22:32:47
14577,21:34:14,21:34:52,21:53:41,21:54:08,21:58:18,22:38:55
14579,00:31:45,00:32:13,00:53:02,00:54:10,00:58:43,01:49:14
14580,00:42:52,00:43:16,01:00:28,01:01:20,01:05:06,01:47:00
14582,02:08:28,02:09:20,02:32:09,02:33:51,02:37:30,03:21:57
14583,02:08:43,02:11:15,02:37:08,02:38:05,02:41:09,03:30:37
14584,02:09:05,02:11:19,02:41:08,02:41:51,02:46:47,03:30:44
14585,02:09:19,02:11:30,03:05:46,03:07:25,03:15:41,04:57:41
14586,02:12:42,02:16:12,02:38:54,02:39:36,02:42:11,03:16:27
14587,02:12:45,02:16:16,02:40:45,02:42:08,02:47:58,03:41:21
14588,02:12:47,02:16:28,02:38:06,02:38:59,02:42:56,03:24:29
14590,02:40:09,02:40:40,02:59:32,03:00:30,03:04:15,03:48:04
14591,04:51:57,04:52:37,05:14:22,05:15:02,05:21:14,06:15:18
14592,06:20:27,06:20:51,06:35:57,06:36:41,06:40:14,07:14:05
14593,06:21:38,06:22:27,06:39:27,06:40:19,06:44:21,07:27:32
14594,07:46:41,07:47:03,08:03:33,08:03:59,08:08:17,08:48:11
14595,07:47:27,07:48:48,08:48:42,08:53:15,09:03:39,11:14:30
14597,08:28:34,08:29:01,08:52:06,08:53:25,08:58:51,09:53:27
14600,15:33:37,15:34:00,15:52:51,15:53:52,16:02:50,17:27:11
14601,16:22:32,16:23:34,16:53:45,16:55:02,17:00:50,18:02:49
14602,16:23:36,16:27:13,17:31:03,17:32:03,17:35:05,18:24:25
14605,17:14:46,17:22:00,17:57:40,17:58:55,18:09:03,19:26:27
14606,17:14:44,17:21:45,17:49:29,17:50:26,17:54:32,18:44:36
14607,17:14:45,17:21:49,17:50:46,17:51:16,17:55:41,18:56:49
14608,17:14:57,17:21:54,17:48:37,17:49:20,17:52:32,18:34:29
14609,17:15:04,17:21:39,17:49:21,17:50:45,17:54:28,19:02:27
14612,17:21:46,17:26:29,17:49:34,17:50:31,17:54:27,18:34:13
14613,17:23:16,17:27:10,17:54:20,17:55:20,17:59:13,19:04:24
14614,17:23:17,17:27:05,17:58:46,18:00:01,18:08:37,19:18:06
14616,17:42:08,17:42:56,18:26:52,18:31:31,18:39:38,19:30:35
14620,19:43:20,19:45:10,20:01:33,20:02:20,20:06:58,21:13:06
14624,19:48:54,19:49:44,20:08:06,20:08:34,20:12:57,20:53:10
14625,22:10:28,22:12:35,22:56:23,22:58:41,23:07:32,00:37:06
14626,22:11:23,22:17:56,23:19:10,23:22:47,23:30:54,01:17:59
14627,22:11:57,22:19:45,22:44:23,22:45:17,22:49:05,23:33:27
14628,22:12:09,22:20:55,23:29:11,23:31:20,23:41:56,01:36:09
14629,22:12:36,22:20:39,22:42:58,22:44:59,22:48:06,23:28:13
14632,22:13:03,22:20:54,22:41:34,22:42:36,22:46:57,23:26:48
14633,22:13:14,22:22:14,23:23:54,23:26:19,23:34:40,01:25:46
14642,23:05:32,23:06:50,00:12:38,00:15:13,00:23:56,01:58:44
14644,00:34:53,00:36:28,01:37:54,01:41:35,01:49:56,03:46:17
14646,03:53:16,03:54:29,04:52:05,04:55:32,05:08:43,07:28:01
14651,13:45:49,13:46:45,14:55:47,14:57:23,15:11:28,17:01:20
14652,13:52:18,13:53:06,14:11:08,14:11:59,14:15:32,14:55:01
14653,13:52:50,13:54:03,14:17:09,14:17:43,14:19:59,15:00:21
14654,13:53:21,13:56:04,14:24:00,14:24:59,14:27:46,15:18:06
14655,13:53:31,13:59:14,15:08:33,15:09:56,15:18:12,17:11:45
14656,13:53:38,13:59:36,14:56:52,14:59:56,15:06:59,16:51:12
14658,13:53:55,13:59:42,15:08:30,15:09:59,15:18:38,17:15:17
14659,13:54:42,13:59:53,15:06:05,15:08:00,15:15:31,17:11:23
14660,13:59:49,14:01:37,15:00:52,15:03:12,15:11:24,17:03:03
14663,16:50:13,16:51:05,17:22:09,17:22:33,17:28:21,18:27:57
14673,19:04:48,19:12:50,20:12:18,20:14:14,20:23:30,22:17:11
14674,19:06:15,19:15:36,20:25:26,20:28:19,20:36:21,22:33:21
14677,19:23:05,19:24:58,20:24:12,20:25:58,20:34:26,22:21:17
14678,19:28:16,19:29:26,19:56:45,19:57:38,20:01:35,20:51:16
14679,19:38:56,19:41:00,20:36:51,20:39:53,20:52:15,22:55:18
14683,19:58:57,20:01:00,20:51:36,20:55:03,21:03:15,22:49:54
14684,19:59:10,20:02:06,20:57:14,21:01:11,21:10:52,23:05:56
14685,19:59:21,20:02:21,20:59:07,21:02:51,21:12:31,23:15:38
14686,19:59:23,20:02:20,20:52:27,20:55:13,21:06:24,22:56:53
14687,20:08:56,20:09:48,20:54:37,20:56:27,21:01:48,22:20:36
14692,22:56:56,22:59:14,00:02:01,00:04:46,00:12:38,02:05:48
14693,22:57:28,22:59:26,00:02:41,00:04:29,00:12:44,01:57:21
14696,01:43:39,01:44:41,02:52:17,02:54:22,03:02:29,05:08:34
14697,09:06:14,09:07:25,09:39:35,09:40:28,09:48:06,11:02:42
14698,09:07:02,09:08:44,10:05:07,10:08:06,10:19:58,12:24:45
14701,09:10:38,09:12:29,10:08:58,10:11:52,10:23:56,12:28:20
14703,18:19:51,18:21:06,19:30:52,19:32:54,19:51:51,22:05:13
14704,18:39:19,18:40:30,19:41:23,19:45:54,19:56:43,22:00:00
14705,19:58:47,19:59:47,20:41:16,20:42:23,20:46:32,21:54:30
14706,19:59:37,20:00:57,20:28:06,20:28:43,20:34:15,21:16:51
14712,20:03:29,20:04:31,20:31:24,20:32:26,20:35:44,21:23:33
14716,22:13:46,22:15:24,23:07:57,23:09:39,23:18:02,00:58:47
14717,22:13:58,22:15:38,23:08:56,23:13:01,23:22:54,01:16:31
14718,22:22:06,22:23:29,23:19:43,23:21:36,23:30:56,01:22:42
14721,02:08:52,02:10:32,03:00:08,03:03:31,03:11:44,04:56:43
14722,02:09:27,02:13:41,02:50:42,02:52:50,03:01:02,04:38:43
14724,02:09:50,02:13:33,02:37:55,02:39:35,02:43:09,03:30:15
14726,04:01:27,04:02:42,05:08:51,05:13:29,05:25:16,07:37:49
14729,08:10:21,08:11:03,08:47:33,08:48:49,08:52:42,10:15:23
14730,09:14:07,09:15:07,10:01:08,10:04:30,10:12:53,12:14:26
14731,09:14:26,09:15:34,10:10:48,10:13:07,10:19:54,11:59:03
14732,09:14:55,09:17:33,10:07:45,10:11:03,10:19:35,12:26:28
14735,12:34:14,12:35:33,13:32:44,13:35:08,13:43:21,15:34:08
14740,17:47:54,17:51:20,18:48:39,18:50:32,18:59:43,20:49:51
14741,17:48:49,17:51:15,18:41:59,18:43:38,18:51:59,20:38:14
14771,17:44:14,17:48:35,18:46:52,18:51:09,19:01:05,20:53:52
14772,17:44:38,17:50:49,18:53:57,18:56:32,19:04:56,20:44:44
14773,17:47:19,17:51:24,18:58:50,19:01:34,19:11:13,21:15:01
14775,17:47:52,17:51:34,18:47:24,18:49:13,18:58:32,20:45:31
14777,00:10:11,00:10:35,00:22:18,00:22:56,00:27:43,00:58:46
14778,00:21:17,00:23:52,00:40:30,00:41:06,00:42:51,01:12:04
14779,00:21:20,00:23:52,00:39:43,00:40:44,00:42:51,01:12:19
14780,00:21:33,00:23:59,00:38:13,00:38:31,00:41:52,01:13:43
14781,00:21:55,00:23:58,00:40:56,00:41:28,00:43:07,01:12:34
14783,00:21:59,00:24:01,00:41:10,00:41:47,00:43:54,01:15:42
14786,00:25:35,00:27:27,00:42:23,00:42:59,00:45:04,01:16:57
14787,00:25:35,00:27:31,00:42:53,00:43:32,00:45:29,01:16:39
14788,00:25:44,00:28:07,00:41:35,00:42:42,00:45:02,01:15:45
14789,00:25:58,00:27:29,00:45:26,00:45:49,00:49:34,01:15:18
14791,03:09:05,03:11:09,03:24:49,03:25:26,03:28:43,03:57:42
14794,03:09:34,03:11:14,03:25:49,03:27:06,03:29:18,03:59:21
14795,03:27:54,03:28:23,03:41:10,03:41:29,03:44:28,04:15:10
14796,03:55:54,03:56:16,04:09:02,04:09:21,04:12:23,04:43:25
14797,03:56:27,03:57:12,04:08:44,04:09:21,04:12:30,04:42:41
14799,04:02:53,04:03:49,04:15:58,04:16:17,04:19:18,04:52:32
14800,04:12:03,04:12:29,04:24:33,04:24:51,04:27:59,04:59:25
14802,06:22:13,06:25:25,06:42:26,06:43:04,06:44:54,07:15:37
14803,06:22:34,06:25:28,06:39:37,06:40:14,06:43:33,07:14:14
14804,06:22:44,06:25:33,06:40:27,06:41:06,06:44:15,07:15:28
14807,14:10:02,14:11:03,14:23:51,14:24:25,14:27:16,14:58:14
14808,14:42:51,14:43:28,14:56:22,14:56:40,14:59:32,15:29:49
14809,18:19:41,18:20:00,18:35:26,18:36:01,18:38:03,19:08:58
14810,18:37:51,18:38:16,18:55:20,18:55:37,18:57:49,19:25:17
14812,21:48:31,21:49:11,22:02:07,22:02:43,22:05:39,22:36:49
14813,00:28:50,00:29:23,00:42:00,00:42:38,00:45:21,01:14:56
14816,03:00:35,03:01:15,03:15:56,03:16:53,03:19:04,03:53:57
14817,03:22:51,03:23:10,03:38:21,03:38:45,03:42:05,04:13:49
14818,07:27:11,07:28:31,07:44:26,07:44:48,07:48:27,08:25:33
14819,10:08:40,10:09:16,10:22:04,10:22:42,10:25:33,10:57:47
14821,12:48:30,12:49:19,13:03:48,13:04:54,13:07:15,13:40:23
14823,13:34:50,13:35:21,13:48:28,13:48:49,13:52:14,14:25:13
14826,15:34:50,15:35:05,15:50:04,15:50:24,15:53:27,16:24:54
14827,15:35:20,15:36:26,15:51:03,15:51:40,15:54:13,16:24:15
14828,15:36:02,15:37:03,15:51:41,15:52:19,15:55:07,16:26:48
14830,16:03:10,16:04:30,16:19:19,16:20:15,16:22:19,16:53:27
14831,16:03:40,16:05:06,16:20:23,16:21:17,16:23:25,16:55:39
14832,18:09:40,18:10:25,18:24:19,18:25:22,18:27:33,18:56:21
14833,18:10:20,18:11:10,18:25:08,18:25:45,18:28:27,19:00:00
14834,19:16:20,19:17:03,19:30:32,19:30:52,19:34:21,20:06:31
14836,20:29:50,20:30:47,20:46:55,20:47:32,20:49:21,21:20:43
14837,20:32:20,20:33:15,20:49:41,20:50:31,20:53:16,21:26:02
14839,02:08:10,02:08:53,02:21:46,02:22:26,02:26:03,03:22:30
14841,04:28:00,04:28:45,04:40:59,04:41:37,04:44:46,05:17:03
14842,04:43:10,04:44:11,04:56:23,04:56:43,04:59:43,05:31:11
14843,06:51:50,06:53:16,07:06:16,07:06:55,07:09:37,07:41:03
14845,09:42:13,09:43:31,09:55:11,09:55:46,09:59:02,10:30:43
14846,10:03:50,10:05:15,10:16:28,10:17:04,10:20:03,10:51:55
14850,13:06:20,13:08:52,13:25:29,13:25:50,13:29:21,13:55:51
14851,13:06:50,13:09:28,13:27:03,13:27:27,13:29:03,14:00:30
14855,15:11:10,15:11:51,15:26:24,15:27:25,15:29:37,15:59:51
14858,15:46:50,15:48:23,16:03:20,16:04:14,16:06:21,16:39:02
14859,15:47:20,15:48:21,16:03:34,16:04:27,16:06:31,16:37:16
14860,17:07:10,17:07:37,17:21:21,17:21:41,17:24:51,17:56:10
14861,17:13:50,17:14:44,17:28:55,17:29:34,17:32:27,18:03:49
14862,17:19:20,17:19:55,17:35:16,17:36:34,17:38:43,18:09:49
14863,17:20:40,17:23:01,17:41:40,17:42:07,17:45:17,18:12:34
14864,17:21:24,17:23:51,17:40:42,17:41:23,17:43:05,18:13:04
14865,17:26:00,17:26:36,17:44:20,17:44:44,17:46:18,18:14:26
14866,17:27:20,17:30:42,17:46:58,17:47:35,17:49:22,18:20:04
14868,17:28:00,17:31:06,17:47:22,17:47:57,17:49:58,18:20:15
14869,17:46:51,17:47:53,18:03:54,18:04:37,18:06:20,18:36:52
14870,19:12:40,19:13:10,19:27:05,19:28:05,19:30:11,19:59:37
14874,01:27:20,01:28:03,01:41:30,01:41:50,01:44:55,02:18:50
14876,01:33:20,01:36:55,01:49:21,01:49:56,01:52:56,02:25:59
14877,01:33:43,01:36:56,01:50:19,01:51:00,01:54:32,02:29:06
14879,01:58:00,01:58:50,02:11:09,02:11:47,02:14:53,02:59:23
14881,02:17:00,02:18:15,02:38:38,02:39:31,02:42:38,03:13:54
14883,02:30:40,02:31:53,02:47:36,02:48:13,02:51:02,03:21:43
14887,03:32:10,03:33:00,03:49:30,03:49:50,03:53:08,04:25:57
14888,03:38:17,03:39:57,04:01:41,04:02:08,04:06:57,04:39:43
14889,03:39:00,03:40:40,03:56:37,03:57:18,04:00:31,04:32:38
14890,03:44:02,03:44:59,03:58:45,03:59:05,04:02:15,04:33:13
14891,04:07:41,04:08:41,04:21:24,04:21:43,04:24:44,04:57:36
14892,05:01:25,05:02:30,05:15:09,05:15:30,05:18:42,05:50:10
14893,06:57:32,06:58:23,07:11:48,07:12:28,07:16:00,07:56:51
14898,09:09:40,09:09:57,09:25:04,09:25:39,09:27:39,09:59:01
14900,14:06:40,14:07:22,14:21:29,14:22:06,14:24:52,14:55:37
14902,14:34:00,14:34:38,14:50:44,14:51:27,14:53:15,15:23:34
14905,15:48:50,15:49:37,16:06:56,16:07:19,16:09:45,16:38:06
14906,15:54:40,15:55:23,16:08:49,16:09:27,16:12:11,16:43:53
14907,16:42:00,16:42:44,16:56:18,16:56:58,16:59:39,17:29:51
14908,16:46:23,16:47:19,17:00:34,17:01:13,17:04:21,17:36:23
14909,16:52:50,16:54:17,17:08:11,17:08:30,17:11:39,17:42:07
14910,16:53:30,16:55:29,17:09:11,17:09:30,17:12:29,17:42:59
14913,17:04:10,17:05:42,17:19:44,17:20:43,17:22:52,17:55:55
14914,17:04:40,17:06:04,17:18:42,17:19:18,17:21:50,17:54:02
14915,17:40:31,17:41:39,17:55:33,17:56:09,17:59:09,18:31:19
14916,17:41:04,17:42:55,18:04:09,18:05:21,18:10:35,18:58:37
14917,17:49:10,17:51:00,18:04:11,18:04:32,18:07:50,18:38:16
14918,17:49:40,17:51:22,18:04:59,18:05:37,18:08:19,18:39:19
14919,17:58:30,17:59:08,18:12:43,18:13:22,18:16:04,18:46:50
14920,18:42:10,18:42:37,18:57:18,18:58:11,19:00:29,19:32:36
14921,19:58:40,19:59:44,20:12:13,20:12:50,20:15:55,20:48:08
14922,20:02:20,20:02:44,20:17:12,20:18:13,20:20:31,20:51:57
14923,20:02:40,20:04:39,20:16:22,20:17:08,20:19:58,20:50:57
14924,20:03:13,20:05:56,20:19:48,20:20:41,20:24:06,20:58:11
14925,21:04:30,21:05:59,21:17:24,21:18:01,21:20:55,21:22:55
14927,21:24:08,21:25:43,21:37:40,21:38:17,21:41:15,22:13:40
14928,21:29:10,21:31:18,21:43:45,21:44:23,21:47:00,22:16:40
14929,21:29:13,21:31:54,21:43:54,21:44:32,21:47:42,22:19:59
14930,21:29:41,21:32:20,21:44:41,21:45:02,21:48:11,22:18:33
14931,21:57:34,21:59:54,22:12:38,22:12:58,22:16:11,22:48:37
14933,22:06:31,22:07:30,22:20:44,22:21:07,22:24:18,22:55:05
14934,22:19:40,22:20:55,22:32:43,22:33:02,22:37:11,23:15:11
14935,22:32:00,22:33:41,22:45:54,22:46:15,22:49:05,23:18:45
14936,02:14:20,02:15:12,02:32:04,02:32:43,02:35:46,02:57:06
14937,02:53:26,02:53:55,03:09:53,03:10:47,03:14:18,03:55:06
14938,03:22:44,03:23:15,03:35:14,03:35:49,03:38:22,04:08:05
14939,03:57:10,03:58:15,04:10:25,04:10:43,04:13:37,04:45:01
14940,04:56:10,04:57:24,05:10:06,05:10:37,05:15:22,05:44:53
14941,04:56:30,04:57:29,05:09:08,05:09:46,05:12:48,05:26:45
14944,05:41:00,05:42:03,05:53:33,05:53:53,05:56:53,06:18:08
14945,07:23:35,07:24:05,07:35:51,07:36:29,07:39:31,08:10:43
14946,09:17:20,09:17:34,09:28:51,09:29:25,09:32:12,10:02:13
14947,09:42:50,09:43:51,09:55:02,09:55:38,09:58:35,10:19:55
14948,10:24:00,10:25:10,10:36:17,10:36:53,10:39:50,11:10:58
14949,10:42:00,10:43:00,10:54:51,10:55:09,10:58:09,11:29:45
14950,11:17:35,11:18:42,11:34:55,11:34:55,11:34:55,11:36:02
14951,11:37:00,11:37:56,11:51:01,11:51:22,11:53:08,11:54:00
14952,12:30:58,12:31:25,12:59:20,13:00:07,13:02:16,13:03:49
14953,12:49:20,12:49:49,13:01:45,13:02:06,13:03:48,13:04:36
14954,13:03:25,13:05:14,13:18:01,13:18:01,13:19:17,13:19:18
14955,13:07:20,13:08:24,13:20:37,13:21:18,13:24:01,13:48:03
14956,13:19:50,13:20:05,13:31:24,13:31:24,13:31:24,13:32:10
14957,13:33:31,13:34:44,13:46:45,13:47:03,13:50:00,14:10:49
14958,14:43:48,14:44:06,15:11:15,15:12:42,15:16:46,16:07:45
14959,14:46:20,14:47:32,15:18:35,15:19:17,15:23:50,16:12:17
14960,14:47:00,14:48:05,15:05:01,15:05:30,15:08:51,15:32:57
14961,14:51:15,14:51:40,15:09:20,15:09:32,15:13:00,15:38:13
14962,14:51:59,14:54:45,15:23:58,15:24:48,15:28:37,16:16:06
14963,14:52:10,14:54:39,15:19:59,15:21:35,15:27:32,16:16:57
14964,14:52:33,14:55:56,16:02:55,16:02:55,16:02:55,16:05:28
14965,15:02:23,15:03:10,16:11:19,16:15:13,16:27:50,19:05:18
14966,16:04:18,16:05:07,16:34:37,16:34:37,16:34:37,16:35:50
14967,16:04:30,16:04:56,16:18:05,16:19:07,16:21:20,16:52:12
14969,16:42:30,16:43:19,16:48:57,16:48:57,16:48:57,16:48:57
14970,16:43:02,16:47:38,17:02:35,17:03:13,17:05:24,17:36:32
14971,16:43:11,16:48:23,17:01:31,17:02:32,17:04:45,17:25:08
14972,16:43:30,16:48:29,17:00:42,17:01:02,17:02:40,17:03:27
14973,16:43:33,16:48:31,17:01:16,17:01:57,17:04:50,17:26:10
14974,16:43:58,16:48:54,17:11:23,17:12:22,17:16:48,17:58:26
14975,16:44:21,16:48:52,17:01:37,17:01:59,17:05:17,17:37:10
14976,17:03:44,17:04:29,17:10:02,17:10:02,17:10:02,17:10:48
14977,17:18:40,17:19:37,17:24:08,17:24:08,17:24:52,17:24:53
14979,17:29:50,17:30:26,17:42:15,17:42:34,17:45:26,17:51:09
14980,17:52:20,17:53:13,18:02:05,18:02:05,18:02:58,18:02:58
14981,17:59:20,17:59:49,18:13:44,18:14:26,18:17:21,18:48:28
14982,17:59:41,18:02:09,18:14:15,18:14:35,18:17:29,18:46:46
14983,18:00:11,18:02:59,18:14:37,18:15:17,18:18:16,18:50:12
14984,18:00:38,18:04:42,18:31:00,18:31:44,18:38:04,19:38:54
14985,18:07:20,18:07:38,18:19:10,18:19:47,18:22:39,18:55:26
14986,19:14:16,19:14:34,19:29:56,19:30:29,19:34:46,20:11:31
14987,19:47:23,19:47:42,20:00:48,20:01:24,20:04:05,20:37:39
14988,20:29:54,20:30:56,20:45:11,20:46:02,20:49:49,21:28:06
14989,21:32:49,21:33:24,21:58:32,21:59:18,22:07:27,23:23:20
14990,21:38:24,21:39:06,22:03:59,22:05:33,22:11:11,23:18:26
14991,01:39:33,01:40:28,02:16:48,02:18:44,02:31:16,04:36:44
14992,01:46:29,01:47:36,02:13:34,02:14:20,02:25:37,03:43:12
14993,02:23:13,02:24:36,03:40:27,03:45:05,03:50:59,03:54:12
14995,03:16:47,03:17:24,03:35:01,03:36:02,03:40:33,06:07:19
14996,04:04:07,04:04:29,04:23:06,04:23:41,04:28:32,05:14:52
14997,05:55:01,05:55:18,06:06:42,06:07:19,06:10:20,06:50:47
14998,05:59:34,06:00:39,06:36:38,06:38:20,06:44:55,08:08:47
14999,06:14:06,06:15:34,06:40:13,06:40:13,06:42:13,06:42:15
15000,06:16:19,06:18:19,07:34:03,07:40:05,07:54:50,09:25:10
15001,06:44:41,06:46:05,08:15:58,08:20:09,08:34:41,10:06:36
15002,07:24:25,07:25:51,08:16:47,08:19:54,08:32:08,10:30:42
15009,10:50:36,10:54:32,12:17:00,12:17:00,12:17:00,12:20:31
15010,10:51:10,10:54:46,12:23:10,12:25:33,12:36:33,14:57:24
15011,11:00:50,11:04:29,12:25:53,12:27:33,12:42:02,15:07:37
15014,11:47:40,11:49:11,12:16:56,12:16:56,12:16:57,12:16:57
15015,12:17:52,12:19:33,13:40:05,13:45:58,13:45:58,13:49:41
15016,12:19:12,12:20:58,13:47:49,13:53:31,14:05:40,16:08:17
15017,12:28:10,12:29:46,13:15:21,13:18:20,13:28:40,15:06:18
15019,12:55:51,12:57:53,14:15:58,14:21:21,14:41:04,17:00:54
15020,12:56:27,12:58:00,14:13:04,14:17:57,14:25:01,14:28:20
15021,12:57:47,12:59:57,14:06:41,14:09:01,14:27:53,16:05:31
15032,14:18:04,14:20:13,15:32:24,15:37:48,15:45:04,15:48:29
15033,15:11:05,15:17:24,16:49:42,16:53:32,17:07:46,19:20:30
15041,15:23:27,15:25:20,16:33:09,16:34:47,16:48:42,17:35:13
15042,15:24:55,15:27:40,16:49:25,16:54:49,17:02:22,17:05:40
15043,15:25:37,15:27:53,16:56:24,16:59:27,17:16:00,19:31:09
15044,15:27:54,15:30:42,16:54:49,17:00:08,17:20:03,19:15:02
15045,15:37:21,15:38:39,16:23:33,16:26:13,16:35:56,18:46:56
15046,15:37:49,15:44:04,17:03:05,17:08:59,17:23:10,19:07:44
15047,15:37:57,15:43:58,17:04:39,17:10:07,17:29:20,19:31:05
15048,15:38:11,15:44:17,17:02:52,17:08:27,17:30:00,19:39:08
15049,15:38:15,15:44:21,17:06:58,17:12:15,17:31:52,19:48:27
15050,15:38:25,15:44:29,17:23:54,17:30:26,17:48:54,19:48:45
15052,16:07:24,16:08:22,17:01:32,17:04:38,17:08:45,17:11:08
15053,16:17:36,16:19:19,17:10:02,17:11:40,17:25:18,19:28:57
15056,17:05:07,17:06:06,17:49:43,17:51:01,17:58:47,18:02:20
15057,17:24:01,17:25:06,18:16:31,18:19:35,18:32:57,20:33:13
15061,18:01:38,18:02:50,18:40:08,18:40:08,18:40:08,18:42:22
15062,18:02:43,18:05:05,18:44:02,18:44:02,18:44:03,18:44:03
15063,18:03:12,18:05:26,18:41:57,18:41:58,18:41:59,18:45:29
15065,18:15:54,18:17:21,19:42:23,19:47:57,20:02:54,22:20:45
15066,18:21:39,18:23:26,19:35:30,19:40:05,19:57:32,22:26:24
15068,18:44:11,18:45:34,20:05:35,20:10:16,20:28:39,20:35:49
15069,18:44:46,18:46:00,19:38:06,19:41:16,19:53:26,20:38:43
15070,18:45:51,18:47:21,19:58:59,20:03:10,20:18:53,20:35:57
15071,19:21:47,19:23:05,20:41:16,20:43:44,20:55:32,20:59:21
15072,19:55:04,19:56:29,21:24:42,21:31:27,21:49:31,23:37:29
15073,20:21:56,20:23:05,21:25:37,21:28:19,21:36:26,22:43:42
15074,20:22:38,20:28:17,21:52:28,21:58:42,22:15:35,00:31:56
15076,20:23:34,20:30:02,21:40:59,21:45:49,22:02:05,23:40:33
15077,20:23:52,20:30:09,21:51:22,21:56:46,22:10:13,00:33:06
15079,20:24:17,20:30:26,22:02:32,22:05:40,22:33:33,00:34:35
15080,20:24:33,20:30:43,22:05:51,22:11:53,22:34:10,00:34:45
15085,20:57:50,20:59:38,22:30:26,22:37:27,22:56:22,01:03:36
15086,20:57:59,20:59:15,22:19:45,22:24:48,22:45:00,01:03:16
15087,21:07:15,21:08:45,22:09:55,22:15:00,22:15:00,22:17:52
15088,21:07:58,21:10:26,22:48:53,22:52:07,23:10:04,00:53:06
15089,21:08:04,21:10:46,22:32:33,22:35:27,22:49:04,23:29:39
15090,21:17:44,21:19:24,22:49:34,22:52:35,23:08:56,23:30:08
15091,21:18:02,21:20:19,22:46:28,22:50:54,23:05:53,23:30:33
15092,21:18:34,21:20:48,22:19:27,22:23:31,22:37:48,01:21:20
15093,21:19:14,21:21:23,22:52:08,22:59:15,23:17:21,01:07:46
15094,21:43:55,21:45:09,23:04:29,23:10:16,23:26:40,01:14:03
15095,21:45:48,21:47:26,22:57:31,23:00:06,23:12:53,01:49:48
15096,22:41:25,22:42:32,23:57:29,00:02:11,00:19:14,01:49:53
15097,23:29:57,23:31:18,00:46:23,00:51:09,01:08:14,02:28:00
15098,23:31:05,23:32:37,00:57:11,00:59:58,01:14:25,02:07:06
15099,23:31:51,23:33:19,01:07:23,01:13:48,01:31:33,02:28:21
15100,02:33:24,02:34:57,03:41:03,03:45:24,04:01:42,06:37:51
15101,02:34:11,02:36:16,04:09:44,04:16:21,04:39:57,06:37:17
15106,03:00:38,03:01:54,03:39:57,03:39:57,03:39:58,03:42:53
15107,03:09:28,03:10:29,04:14:51,04:18:34,04:27:18,04:36:53
15108,03:12:46,03:14:15,05:00:49,05:00:49,05:00:49,05:05:11
15111,03:27:29,03:28:53,04:59:36,05:06:23,05:24:40,07:17:26
15112,03:33:06,03:34:27,04:30:51,04:30:51,04:30:54,04:30:55
15113,03:44:23,03:46:29,05:25:49,05:29:11,05:46:38,07:49:36
15115,04:04:27,04:05:52,05:46:39,05:49:44,06:07:50,07:49:41
15116,04:30:55,04:32:17,06:18:33,06:23:43,06:38:39,08:25:19
15117,04:38:54,04:40:10,06:01:14,06:07:14,06:22:16,08:43:03
15119,06:19:55,06:21:37,07:53:06,07:55:22,08:07:03,09:24:31
15121,07:56:42,07:58:29,09:49:38,09:54:22,10:12:11,12:02:05
15122,07:57:46,08:00:32,09:38:12,09:44:19,09:59:35,12:03:16
15123,08:43:18,08:45:58,10:44:47,10:50:22,11:09:27,12:49:50
15124,08:44:15,08:46:41,10:10:20,10:14:08,10:26:55,12:49:40
15125,10:00:55,10:04:21,12:06:27,12:11:23,12:27:18,14:00:58
15126,10:01:14,10:05:09,11:19:28,11:21:47,11:42:55,13:57:32
15131,10:02:46,10:05:09,11:25:22,11:27:50,11:49:22,14:06:17
15134,12:32:57,12:34:41,13:38:57,13:39:52,13:42:10,14:20:40
15135,12:43:48,12:47:51,13:57:02,13:57:45,14:02:20,14:44:39
15136,12:44:43,12:47:43,13:44:46,13:45:43,13:50:21,14:17:58
15137,14:44:54,14:45:41,14:58:42,14:59:18,15:01:49,15:31:20
15138,14:53:06,14:53:43,15:08:28,15:09:11,15:12:18,15:44:29
15139,15:06:44,15:09:26,15:24:19,15:25:23,15:27:40,16:00:02
15140,15:07:04,15:10:45,15:25:01,15:26:00,15:28:06,15:58:00
15142,15:11:36,15:12:08,15:28:02,15:29:02,15:31:17,16:03:51
15143,15:34:25,15:34:54,15:52:30,15:53:32,15:55:48,16:26:27
15144,15:45:14,15:46:47,16:05:07,16:05:46,16:07:47,16:38:28
15145,15:45:54,15:46:51,16:06:54,16:07:34,16:09:58,16:41:32
15146,16:24:24,16:26:03,16:42:00,16:42:49,16:44:46,17:13:59
15147,16:24:54,16:26:48,16:44:20,16:45:09,16:47:09,17:16:26
15148,16:58:14,17:00:15,17:18:29,17:19:31,17:21:43,17:52:58
15149,16:58:54,17:00:19,17:21:12,17:21:36,17:24:06,17:53:26
15150,17:12:14,17:13:06,17:31:05,17:31:45,17:33:32,18:03:15
15151,17:17:15,17:18:01,17:37:38,17:38:21,17:40:17,18:09:55
15152,17:23:34,17:24:20,17:46:20,17:47:30,17:49:49,18:21:21
15153,17:26:18,17:32:34,17:52:02,17:52:56,17:55:04,18:25:23
15154,17:26:24,17:32:36,17:51:53,17:52:48,17:55:02,18:27:52
15161,17:30:39,17:37:54,18:03:04,18:03:29,18:05:55,18:32:10
15168,17:32:07,17:39:21,17:58:15,17:59:19,18:01:51,18:32:36
15169,17:32:14,17:39:23,18:00:15,18:00:41,18:02:43,18:33:18
15171,17:32:49,17:39:31,17:58:14,17:59:09,18:01:25,18:32:27
15172,17:34:34,17:39:36,17:57:56,17:58:37,18:01:28,18:34:37
15173,17:44:35,17:45:30,18:05:32,18:06:33,18:08:59,18:30:59
15175,17:54:36,18:00:28,18:17:21,18:17:53,18:20:57,18:53:31
15176,17:54:39,18:00:45,18:18:23,18:19:04,18:21:56,18:55:21
15177,17:54:47,18:00:56,18:19:34,18:19:54,18:23:09,18:56:07
15178,17:54:51,18:01:53,18:19:57,18:20:31,18:22:14,18:53:01
15179,18:04:37,18:06:36,18:22:40,18:23:28,18:26:34,18:59:53
15180,18:04:37,18:06:33,18:22:41,18:23:32,18:26:43,19:02:00
15181,18:04:46,18:06:49,18:23:39,18:24:00,18:27:18,18:46:13
15182,18:15:05,18:16:30,18:32:48,18:33:07,18:36:06,19:04:20
15183,19:22:14,19:23:42,19:38:37,19:39:25,19:40:43,19:41:29
15184,19:22:44,19:23:46,19:39:21,19:40:09,19:43:29,20:13:55
15187,19:53:11,19:53:41,20:11:09,20:12:02,20:15:32,20:49:13
15190,19:53:46,19:55:35,20:13:35,20:14:06,20:17:13,20:50:03
15192,20:06:54,20:07:15,20:23:11,20:24:08,20:27:26,20:59:33
15193,20:10:54,20:11:22,20:28:35,20:29:06,20:32:15,21:06:44
15194,20:13:24,20:15:15,20:31:01,20:31:48,20:34:45,21:06:35
15195,20:14:55,20:22:45,20:41:03,20:41:35,20:45:02,21:18:00
15196,20:15:14,20:22:50,20:39:53,20:40:13,20:43:14,21:13:39
15197,20:15:38,20:22:56,20:39:47,20:40:17,20:43:12,21:14:08
15198,20:15:46,20:22:58,20:39:24,20:40:11,20:43:10,21:07:08
15200,20:33:05,20:33:37,20:49:24,20:50:12,20:53:17,21:25:06
15203,20:55:54,20:58:01,21:13:16,21:13:41,21:13:41,21:14:26
15204,20:56:14,20:58:01,21:12:46,21:13:33,21:16:30,21:47:45
15205,21:10:54,21:11:10,21:25:36,21:26:21,21:29:16,22:00:26
15206,21:21:05,21:22:37,21:38:10,21:38:45,21:42:03,22:14:55
15207,21:21:34,21:22:52,21:37:48,21:38:38,21:41:46,22:14:54
15208,21:21:54,21:23:24,21:37:47,21:38:17,21:41:06,22:13:01
15210,21:30:36,21:33:40,21:48:04,21:48:23,21:51:19,22:24:06
15211,21:31:04,21:33:43,21:48:46,21:49:16,21:52:15,22:23:27
15214,22:05:24,22:06:16,22:20:45,22:21:36,22:24:43,22:47:05
15216,22:49:14,22:49:34,23:03:46,23:04:17,23:07:24,23:38:37
15217,23:16:47,23:17:21,23:33:51,23:35:01,23:38:49,00:19:15
15218,01:05:12,01:07:01,01:26:57,01:27:44,01:32:45,02:24:56
15219,01:27:46,01:28:02,01:43:50,01:44:49,01:48:42,02:30:50
15220,02:17:27,02:18:25,02:43:22,02:44:18,02:48:09,03:27:18
15221,02:20:14,02:20:40,02:38:34,02:39:06,02:42:26,03:14:11
15223,02:21:04,02:22:39,02:41:43,02:42:20,02:42:20,02:43:11
15224,03:00:30,03:00:49,03:16:08,03:16:44,03:20:23,03:59:05
15225,03:31:24,03:31:43,03:44:43,03:45:14,03:48:13,04:19:12
15226,03:53:29,03:54:34,04:10:28,04:11:41,04:15:35,04:41:23
15227,04:10:15,04:10:32,04:26:37,04:27:15,04:31:15,05:13:48
15228,04:20:23,04:21:08,04:39:31,04:40:51,04:45:44,05:38:48
15229,06:44:32,06:45:09,07:08:28,07:09:16,07:12:32,07:56:38
15230,06:45:50,06:48:38,07:14:52,07:15:34,07:18:09,08:00:52
15231,06:46:16,06:48:37,07:04:37,07:05:12,07:07:11,07:36:32
15233,07:16:30,07:17:18,07:37:14,07:38:17,07:40:54,08:16:19
15234,07:27:04,07:27:23,07:42:20,07:42:56,07:44:39,08:15:04
15235,08:02:27,08:03:01,08:22:36,08:23:17,08:25:46,09:01:42
15236,08:03:17,08:04:09,08:23:25,08:24:39,08:27:34,08:46:21
15237,08:10:54,08:11:15,08:27:32,08:27:46,08:27:47,08:28:33
15238,08:38:24,08:39:07,08:53:18,08:53:18,08:53:18,08:54:05
15239,08:46:27,08:46:53,09:07:27,09:08:08,09:10:34,09:37:50
15240,10:11:07,10:12:06,10:29:33,10:30:44,10:36:50,11:11:32
15241,10:55:20,10:55:59,11:21:07,11:22:30,11:27:38,12:17:04
15242,11:17:37,11:18:14,11:44:08,11:44:44,11:49:54,12:26:48
15243,11:48:24,11:48:55,12:07:07,12:09:04,12:11:09,12:41:16
15244,13:25:48,13:26:05,13:51:42,13:52:39,13:57:03,14:38:22
15245,13:40:47,13:41:20,14:05:30,14:06:08,14:09:38,14:46:42
15246,13:42:35,13:45:54,14:07:36,14:08:18,14:11:10,14:14:15
15247,13:42:55,13:45:57,14:06:05,14:06:45,14:09:50,14:14:16
15248,13:43:15,13:46:00,14:11:19,14:11:59,14:13:31,14:14:19
15250,13:48:57,13:49:45,14:17:20,14:18:08,14:20:09,15:16:41
15251,13:51:25,13:52:01,14:19:00,14:19:24,14:22:05,15:11:03
15252,13:54:40,13:55:12,14:13:32,14:13:32,14:14:30,14:14:30
15253,14:07:52,14:08:45,14:38:26,14:38:26,14:38:26,14:39:39
15254,14:14:55,14:17:52,14:45:32,14:46:56,14:49:58,15:30:00
15255,14:15:06,14:18:20,14:45:15,14:46:07,14:49:58,15:30:03
15256,14:15:28,14:18:27,14:45:46,14:46:23,14:53:16,15:35:41
15257,14:15:47,14:18:26,14:47:06,14:48:42,14:51:55,15:33:04
15258,14:16:11,14:18:30,14:50:59,14:52:05,14:57:18,15:46:25
15260,15:36:18,15:36:42,16:01:15,16:02:03,16:05:58,16:45:46
15261,15:37:02,15:38:20,16:06:56,16:07:32,16:14:00,17:06:07
15262,16:30:05,16:30:24,16:54:06,16:54:43,16:58:22,17:29:00
15263,17:21:55,17:22:13,17:42:30,17:42:49,17:47:13,18:16:10
15264,17:22:50,17:23:14,17:57:00,17:57:49,18:00:17,18:42:36
15265,19:05:15,19:05:34,19:26:24,19:27:01,19:30:00,20:01:52
15266,20:07:15,20:07:35,20:28:22,20:28:53,20:33:44,21:05:42
15267,21:16:35,21:17:05,21:33:09,21:33:57,21:39:22,22:01:01
15269,22:13:25,22:13:56,22:28:47,22:29:34,22:34:12,22:57:19
15270,23:09:15,23:09:34,23:24:20,23:24:52,23:27:49,23:59:20
15271,23:57:06,23:57:29,00:18:11,00:19:10,00:22:51,01:02:54
15273,02:37:05,02:37:38,02:54:01,02:54:50,02:57:45,03:28:44
15274,02:39:21,02:40:04,03:09:24,03:10:18,03:17:50,04:15:27
15275,03:22:15,03:22:48,03:38:30,03:39:23,03:44:42,04:25:34
15277,05:32:25,05:32:56,05:46:20,05:46:51,05:49:48,06:19:39
15278,05:38:31,05:39:05,05:58:54,05:59:37,06:02:43,06:03:53
15279,08:19:45,08:20:43,08:34:12,08:35:02,08:38:28,09:11:29
15280,09:29:27,09:29:52,09:48:52,09:49:46,09:53:19,10:28:46
15283,11:22:04,11:22:33,11:38:51,11:39:41,11:43:47,12:15:48
15285,11:43:47,11:44:25,12:00:59,12:01:49,12:05:44,12:38:15
15286,12:26:57,12:28:47,12:54:51,12:56:17,12:59:37,13:20:22
15287,12:48:00,12:50:18,13:12:20,13:13:19,13:18:23,13:44:54
15288,12:48:35,12:50:47,13:11:54,13:12:52,13:16:54,13:36:50
15289,13:02:30,13:03:22,13:30:31,13:31:18,13:36:41,14:26:59
15290,13:11:48,13:12:59,13:35:06,13:36:07,13:40:33,14:18:11
15291,13:21:34,13:22:11,13:42:45,13:43:05,13:46:24,13:51:26
15292,13:48:05,13:48:26,14:05:40,14:05:40,14:06:25,14:06:26
15293,14:08:05,14:08:50,14:29:26,14:30:14,14:30:14,14:31:08
15297,15:06:15,15:06:39,15:32:28,15:33:03,15:37:43,16:14:22
15298,15:35:35,15:36:32,16:03:17,16:03:48,16:07:54,16:38:37
15300,15:41:49,15:42:08,16:12:31,16:13:10,16:17:41,16:58:45
15301,16:09:18,16:09:55,16:39:15,16:39:55,16:44:31,17:27:45
15303,17:01:45,17:02:06,17:24:28,17:24:52,17:24:52,17:25:38
15307,17:42:20,17:42:49,18:12:35,18:13:12,18:19:02,18:37:53
15310,18:37:59,18:39:11,19:00:41,19:01:33,19:05:14,19:39:38
15311,18:38:25,18:39:36,19:04:06,19:05:05,19:10:27,19:50:34
15313,19:14:25,19:14:46,19:34:23,19:35:11,19:39:00,20:10:24
15314,19:15:08,19:17:08,19:44:24,19:45:15,19:49:49,20:31:51
15315,19:15:37,19:17:08,19:38:55,19:39:31,19:43:17,20:14:50
15317,19:19:33,19:20:52,19:51:56,19:53:17,19:59:28,20:33:29
15318,20:28:10,20:28:47,20:50:09,20:51:08,20:55:33,21:34:06
15319,20:42:28,20:43:49,21:05:21,21:06:11,21:10:04,21:59:51
15320,20:42:57,20:43:59,21:08:33,21:09:12,21:11:34,21:53:02
15321,21:07:59,21:08:47,21:50:50,21:52:40,22:01:25,22:21:17
15322,21:19:51,21:20:56,21:51:55,21:53:23,21:58:45,22:58:38
15324,21:41:25,21:42:11,22:24:06,22:27:14,22:31:56,23:05:28
15325,23:12:48,23:13:23,23:39:18,23:40:13,23:43:58,00:35:29
15326,23:13:41,23:14:22,23:38:08,23:38:56,23:42:22,00:27:15
15327,23:26:55,23:28:00,23:45:37,23:46:13,23:48:14,00:19:18
15329,00:27:11,00:28:03,00:54:55,00:56:04,01:03:44,01:53:59
15330,01:59:20,01:59:49,02:43:00,02:44:00,02:47:46,03:42:27
15331,02:00:25,02:00:46,02:29:37,02:34:21,02:38:20,03:26:01
15332,02:08:25,02:08:58,02:45:12,02:45:58,02:47:44,03:18:03
15333,02:15:11,02:16:01,02:41:45,02:45:25,02:48:34,03:16:13
15334,04:28:31,04:29:03,04:40:28,04:40:28,04:40:28,04:41:37
15336,04:50:45,04:51:05,05:03:37,05:04:26,05:07:44,05:39:44
15337,04:51:49,04:52:11,05:11:29,05:12:37,05:17:40,05:59:09
15339,05:58:36,05:59:40,06:13:41,06:14:55,06:19:30,06:55:26
15340,06:46:15,06:47:17,07:01:43,07:02:25,07:05:31,07:37:16
15341,07:09:47,07:10:32,07:30:39,07:31:15,07:33:02,08:05:19
15342,07:16:50,07:17:47,07:40:25,07:41:11,07:44:10,08:25:36
15345,08:19:52,08:20:19,08:39:48,08:41:05,08:46:11,09:12:00
15346,08:33:20,08:34:21,08:58:51,08:59:18,09:02:18,09:41:49
15347,09:50:13,09:50:49,10:12:56,10:13:58,10:19:04,10:47:52
15348,10:24:38,10:25:04,10:49:35,10:50:04,10:54:43,11:33:07
15349,10:56:18,10:56:48,11:26:35,11:27:04,11:30:28,12:10:01
15350,13:32:21,13:32:55,14:00:27,14:00:56,14:05:44,14:26:52
15351,13:34:11,13:35:06,14:17:36,14:18:21,14:22:23,15:08:40
15352,13:35:01,13:35:48,14:07:06,14:09:12,14:12:34,14:54:07
15353,13:49:17,13:49:58,14:21:11,14:24:05,14:27:47,14:34:15
15356,15:15:18,15:15:43,15:38:52,15:39:32,15:43:13,16:17:18
15362,15:41:46,15:42:13,16:10:06,16:11:09,16:16:24,16:59:18
15363,16:01:40,16:02:04,16:27:06,16:27:47,16:32:05,17:15:26
15364,16:22:18,16:22:55,16:44:36,16:45:27,16:50:20,17:24:09
15365,16:51:50,16:52:36,17:20:59,17:22:17,17:28:10,18:21:08
15366,16:52:08,16:53:35,17:14:42,17:15:14,17:18:49,17:52:09
15367,16:52:30,16:54:25,17:22:52,17:24:09,17:30:13,18:19:19
15368,17:37:55,17:38:27,17:53:48,17:53:48,17:54:32,17:54:33
15369,19:09:56,19:10:55,19:31:00,19:31:24,19:36:10,20:13:09
15371,20:31:45,20:34:21,20:52:19,20:53:05,20:57:02,21:28:09
15373,20:32:16,20:34:27,20:57:49,20:57:49,20:59:22,20:59:23
15374,21:38:16,21:39:26,21:57:30,21:58:09,22:03:06,22:40:44
15375,00:31:46,00:32:03,00:46:44,00:47:34,00:52:02,01:10:36
15377,01:20:38,01:21:51,02:10:05,02:12:21,02:16:52,03:43:18
15378,01:24:31,01:26:47,01:54:05,01:54:55,01:57:28,02:41:24
15379,01:24:37,01:29:03,01:43:11,01:43:11,01:44:00,01:44:01
15381,01:26:29,01:29:58,02:08:09,02:10:09,02:21:56,04:07:52
15382,01:45:05,01:45:42,02:04:23,02:04:43,02:08:50,02:41:57
15383,02:17:51,02:18:49,02:41:28,02:42:17,02:49:26,03:26:28
15385,02:55:11,02:55:33,03:15:14,03:15:51,03:21:27,04:03:56
15386,03:09:38,03:10:16,03:27:30,03:28:07,03:33:09,04:11:21
15387,03:37:36,03:37:54,03:55:23,03:56:12,04:01:43,04:42:45
15389,04:07:49,04:08:18,04:26:29,04:27:01,04:32:23,05:14:10
15390,04:17:48,04:18:33,04:38:24,04:40:17,04:43:25,05:20:43
15391,04:48:14,04:48:42,05:10:37,05:11:12,05:16:31,06:54:42
15392,06:03:41,06:04:04,06:20:21,06:21:09,06:25:26,06:44:14
15393,06:04:17,06:05:12,06:20:43,06:21:23,06:26:27,06:43:34
15394,07:04:28,07:05:10,07:24:53,07:25:33,07:30:13,08:12:02
15395,07:05:53,07:06:28,07:27:52,07:28:20,07:33:47,08:16:19
15396,07:43:47,07:44:48,08:14:46,08:16:29,08:24:02,09:32:09
15398,08:43:18,08:44:11,09:02:13,09:02:40,09:06:50,09:33:00
15399,08:58:40,08:58:59,09:16:25,09:17:35,09:21:28,10:03:53
15400,10:15:51,10:16:13,10:36:58,10:37:35,10:42:01,11:29:19
15401,10:30:50,10:31:10,10:52:33,10:53:33,10:57:37,11:25:20
15402,10:46:59,10:47:53,11:25:07,11:27:43,11:33:09,12:42:50
15403,11:38:19,11:38:39,12:00:48,12:02:20,12:05:14,12:45:01
15404,11:40:01,11:41:29,12:04:28,12:05:56,12:09:59,12:51:57
15413,12:23:02,12:31:13,13:33:50,13:35:37,13:44:06,14:19:31
15415,12:30:52,12:39:27,13:37:22,13:40:21,13:51:39,14:49:33
15416,12:31:58,12:39:06,13:00:10,13:01:04,13:04:40,13:38:07
15417,12:32:06,12:39:11,13:03:48,13:04:27,13:09:12,13:53:02
15418,12:32:43,12:39:35,13:33:30,13:36:43,13:44:23,14:36:22
15419,12:32:59,12:40:49,13:35:42,13:38:19,13:47:20,14:38:42
15420,12:33:42,12:40:55,13:45:03,13:49:08,13:53:51,14:31:10
15422,12:41:59,12:44:20,13:07:03,13:07:41,13:09:45,13:42:41
15423,12:42:36,12:47:24,13:18:13,13:19:19,13:25:01,14:11:48
15424,12:42:38,12:47:55,13:18:25,13:19:34,13:24:31,13:54:34
15425,12:43:01,12:48:16,13:33:34,13:36:57,13:47:26,14:41:03
15428,13:31:50,13:32:33,14:02:12,14:02:52,14:07:53,14:36:09
15429,13:38:38,13:39:02,14:01:02,14:01:41,14:06:36,14:45:49
15430,13:39:56,13:41:04,14:07:23,14:08:08,14:12:21,14:53:27
15431,13:41:24,13:43:24,14:14:09,14:15:07,14:19:42,14:59:03
15432,13:55:15,13:55:31,14:17:07,14:17:40,14:22:03,14:55:02
15433,14:08:55,14:09:32,14:27:55,14:28:32,14:31:43,15:03:46
15434,14:22:05,14:22:44,14:42:59,14:43:32,14:49:10,15:24:08
15435,14:22:45,14:24:02,14:45:46,14:45:56,14:49:33,15:24:54
15438,14:34:54,14:35:29,15:00:54,15:02:14,15:08:05,15:54:48
15439,14:41:48,14:42:15,15:10:11,15:10:57,15:15:57,15:57:47
15440,14:41:50,14:42:28,15:08:36,15:09:20,15:14:07,15:56:30
15441,14:42:53,14:43:48,15:04:39,15:05:34,15:09:19,15:44:49
15442,14:47:55,14:48:19,15:08:55,15:09:49,15:14:23,16:00:47
15444,15:01:59,15:02:22,15:23:40,15:23:56,15:28:17,16:09:20
15445,15:02:35,15:04:26,15:29:07,15:30:13,15:38:37,16:35:43
15448,15:24:16,15:24:34,15:50:41,15:51:07,15:56:36,16:36:23
15449,15:30:37,15:30:53,16:06:26,16:07:19,16:15:20,16:56:02
15450,15:31:45,15:32:19,15:54:35,15:54:53,15:59:21,16:28:38
15451,15:42:38,15:43:17,16:07:35,16:08:23,16:12:49,16:51:40
15453,15:51:52,15:52:15,16:31:09,16:33:00,16:42:40,17:59:43
15456,16:00:01,16:02:13,16:22:35,16:22:50,16:27:31,17:03:45
15457,16:36:35,16:37:14,16:57:29,16:58:17,17:03:33,17:34:42
15458,16:40:47,16:41:24,17:05:49,17:06:52,17:13:37,17:49:56
15459,16:42:15,16:45:37,17:03:38,17:04:28,17:08:52,17:42:36
15460,16:42:49,16:47:56,17:11:39,17:12:21,17:17:23,17:57:47
15461,16:43:05,16:47:58,17:08:13,17:08:48,17:13:42,17:31:47
15462,16:43:28,16:48:02,17:11:54,17:12:10,17:16:33,17:55:00
15464,16:43:51,16:48:10,17:13:26,17:13:49,17:19:51,18:00:47
15467,17:05:28,17:05:53,17:28:10,17:28:56,17:35:28,18:17:13
15468,17:06:19,17:06:50,17:27:42,17:28:22,17:33:10,18:14:05
15470,17:13:15,17:13:36,17:32:40,17:33:30,17:38:28,18:11:16
15471,17:38:35,17:40:42,18:00:05,18:00:18,18:06:04,18:39:05
15472,17:39:25,17:40:46,18:01:31,18:02:02,18:06:42,18:37:22
15474,18:26:05,18:26:27,18:46:30,18:46:40,18:51:52,19:40:16
15475,18:35:24,18:36:21,19:08:12,19:11:34,19:15:45,19:48:24
15476,18:36:05,18:36:29,18:58:09,18:59:38,19:06:37,19:48:19
15477,18:37:10,18:38:07,19:10:29,19:11:08,19:18:07,19:54:29
15478,18:46:58,18:47:26,19:10:12,19:10:52,19:16:08,19:59:40
15480,20:26:11,20:26:44,20:48:47,20:50:02,20:54:33,20:55:46
15482,20:32:42,20:33:20,20:51:15,20:51:56,20:58:08,21:37:17
15483,20:45:45,20:46:02,21:01:04,21:01:56,21:07:10,21:38:47
15484,20:46:35,20:47:09,21:04:08,21:04:29,21:08:44,21:41:03
15486,20:55:05,20:57:15,21:13:12,21:14:22,21:18:30,21:50:47
15488,21:10:50,21:11:18,21:32:15,21:33:15,21:40:42,22:33:09
15489,21:42:05,21:42:20,21:57:27,21:57:59,22:03:17,22:36:04
15490,21:42:55,21:43:11,21:57:22,21:57:54,22:02:15,22:36:17
15491,21:50:55,21:51:10,22:06:26,22:07:00,22:11:50,22:47:07
15492,22:07:21,22:07:43,22:25:31,22:26:11,22:32:31,23:38:08
15493,22:11:38,22:11:57,22:30:50,22:32:05,22:37:46,23:23:49
15494,22:21:35,22:21:59,22:40:42,22:41:21,22:43:06,23:13:22
15495,00:06:45,00:07:02,00:23:04,00:24:17,00:30:03,01:03:51
15496,03:57:10,03:57:28,04:14:59,04:15:50,04:20:09,04:53:03
15497,10:25:29,10:25:48,10:41:00,10:41:42,10:45:50,11:31:51
15498,11:46:05,11:46:21,11:59:00,11:59:53,12:03:07,12:37:10
15499,11:59:47,12:00:08,12:15:13,12:16:06,12:19:37,12:55:34
15501,13:16:18,13:16:34,13:34:07,13:35:18,13:39:47,14:24:09
15502,14:35:06,14:35:25,14:53:25,14:53:45,14:59:10,15:37:15
15503,14:42:20,14:42:39,15:01:07,15:02:11,15:06:18,15:29:02
15504,15:40:08,15:40:23,15:55:15,15:55:28,15:59:52,16:29:05
15505,16:30:05,16:30:32,16:45:51,16:46:26,16:51:38,17:00:52
15506,16:30:09,16:30:35,16:46:19,16:46:53,16:52:18,17:00:51
15507,16:30:27,16:33:18,16:58:05,16:59:11,17:00:05,17:01:18
15508,16:30:37,16:35:22,16:49:29,16:50:20,16:54:22,17:00:51
15509,16:30:47,16:35:37,17:00:06,17:00:06,17:00:06,17:01:18
15510,16:30:59,16:35:39,17:00:06,17:00:06,17:00:06,17:01:01
15512,16:31:46,16:35:44,16:56:47,16:57:12,17:00:06,17:01:05
15513,16:32:06,16:35:52,16:51:34,16:52:30,16:57:09,17:00:54
15514,16:41:35,16:42:11,16:57:13,16:57:46,17:01:42,17:39:24
15515,17:01:03,17:01:39,17:17:24,17:18:00,17:22:10,17:58:16
15517,17:01:46,17:04:09,17:18:21,17:18:53,17:22:30,17:56:02
15520,17:02:07,17:05:15,17:23:26,17:24:34,17:29:20,18:10:06
15521,17:02:11,17:05:14,17:21:26,17:21:36,17:26:08,17:27:14
15522,17:02:18,17:05:14,17:20:31,17:20:41,17:24:36,17:59:21
15523,17:02:28,17:05:18,17:19:18,17:19:31,17:23:38,17:59:46
15525,17:33:55,17:34:10,17:49:45,17:50:38,17:54:47,18:25:01
15526,17:50:01,17:50:18,18:04:29,18:05:00,18:09:24,18:42:04
15527,17:50:45,17:51:03,18:05:49,18:05:59,18:09:30,18:45:01
15528,17:51:45,17:52:07,18:07:44,18:07:54,18:13:26,18:49:06
15529,19:14:08,19:14:27,19:32:13,19:32:33,19:38:31,20:22:45
15530,19:16:06,19:16:29,19:33:10,19:33:51,19:40:52,20:20:20
15531,19:17:25,19:18:51,19:32:51,19:33:05,19:37:24,20:11:45
15532,19:18:08,19:20:24,19:38:43,19:39:02,19:45:06,20:28:42
15533,19:19:03,19:20:33,19:43:27,19:43:44,19:50:28,19:52:25
15534,19:43:18,19:43:35,20:02:50,20:03:11,20:09:01,20:54:04
15535,21:53:46,21:54:02,22:11:28,22:11:40,22:16:45,23:05:28
15536,21:54:40,21:54:58,22:14:42,22:15:01,22:21:34,23:07:32
15537,01:14:38,01:14:56,01:39:34,01:44:23,01:52:22,03:00:41
15538,08:55:20,08:55:35,09:09:25,09:10:17,09:13:30,09:48:50
15539,08:56:35,08:56:57,09:16:44,09:17:30,09:20:32,10:02:33
15540,09:13:25,09:13:40,09:27:47,09:28:23,09:30:25,10:01:31
15541,10:05:26,10:06:07,10:25:40,10:26:31,10:29:12,11:10:26
15542,10:48:48,10:49:06,11:08:43,11:09:11,11:14:26,11:37:29
15543,12:06:03,12:06:25,12:26:34,12:26:50,12:32:08,13:16:46
15545,13:03:58,13:04:18,13:19:23,13:19:49,13:22:51,14:06:30
15550,14:16:56,14:17:15,14:34:43,14:35:32,14:41:55,15:28:18
15551,14:18:10,14:18:28,14:35:33,14:35:53,14:40:37,14:48:56
15552,14:55:17,14:55:33,15:10:08,15:10:18,15:13:42,15:51:12
15554,15:59:08,15:59:30,16:14:02,16:14:12,16:19:06,16:55:31
15555,16:10:55,16:11:12,16:29:10,16:29:29,16:34:19,17:19:15
15556,16:11:45,16:13:38,16:28:13,16:28:44,16:33:12,17:06:32
15557,16:11:50,16:14:07,16:32:27,16:32:51,16:38:07,17:18:48
15563,16:53:10,16:53:28,17:11:18,17:11:37,17:16:24,18:01:43
15564,18:28:36,18:28:56,18:51:12,18:53:42,18:57:04,19:41:20
15565,18:29:06,18:29:24,18:49:08,18:50:14,18:55:49,19:40:57
15566,18:29:28,18:30:33,18:49:41,18:50:28,18:55:23,19:36:49
15567,18:29:53,18:31:32,18:50:44,18:51:20,18:56:03,19:37:13
15568,18:30:05,18:31:36,18:45:33,18:46:06,18:51:04,19:25:24
15570,00:04:55,00:05:09,00:19:51,00:20:27,00:29:44,00:55:35
15571,00:07:48,00:08:38,00:28:59,00:29:52,00:39:51,01:19:50
15572,00:24:55,00:25:12,00:43:23,00:43:53,00:52:11,01:26:15
15573,00:25:28,00:27:04,00:50:12,00:50:50,00:59:02,01:16:25
15574,00:25:56,00:27:17,00:51:32,00:51:58,00:59:14,01:15:41
15576,00:40:55,00:41:14,00:59:48,01:00:18,01:09:58,01:23:59
15577,01:19:25,01:20:19,01:43:10,01:43:58,01:52:33,02:27:52
15578,02:29:58,02:30:17,02:49:39,02:50:05,02:53:13,03:08:17
15579,02:59:18,02:59:35,03:17:07,03:17:20,03:20:31,04:09:04
15580,03:00:06,03:00:33,03:17:58,03:18:18,03:23:55,04:10:44
15581,03:00:25,03:00:40,03:13:53,03:14:13,03:16:30,03:53:04
15583,04:59:01,04:59:17,05:12:25,05:12:39,05:16:31,05:51:12
15584,05:01:58,05:02:16,05:17:40,05:17:51,05:23:04,05:36:11
15585,05:20:52,05:21:20,05:37:36,05:38:04,05:42:20,06:22:37
15586,05:58:08,05:58:26,06:14:32,06:14:52,06:19:48,06:37:27
15587,11:00:25,11:01:32,11:17:32,11:18:14,11:21:36,11:55:54
15588,11:09:03,11:09:51,11:29:51,11:31:13,11:34:16,12:15:50
15589,11:53:05,11:53:53,12:12:48,12:13:13,12:17:33,12:53:41
15590,11:55:28,11:56:59,12:25:03,12:25:03,12:25:03,12:26:07
15591,12:44:35,12:48:13,13:05:57,13:06:38,13:09:44,13:41:21
15592,12:44:46,12:49:38,13:10:31,13:12:52,13:15:19,13:47:51
15593,12:45:06,12:50:29,13:08:25,13:09:05,13:12:28,13:45:48
15594,12:45:25,12:50:33,13:08:41,13:09:01,13:12:39,13:44:52
15596,12:45:46,12:50:35,13:10:23,13:11:02,13:15:20,13:48:21
15598,12:47:34,12:50:44,13:13:14,13:14:03,13:18:01,13:58:35
15599,12:58:22,12:58:46,13:22:45,13:23:20,13:27:29,13:57:42
15600,13:06:35,13:06:59,13:24:49,13:25:20,13:28:50,14:02:12
15602,13:57:36,13:57:54,14:21:39,14:22:31,14:27:15,15:08:00
15603,13:58:25,13:59:20,14:19:30,14:19:50,14:24:24,14:58:37
15604,14:53:35,14:53:54,15:15:15,15:15:35,15:19:44,15:54:15
15605,15:25:57,15:26:26,15:51:27,15:54:05,15:57:17,16:37:25
15607,16:20:26,16:20:46,16:43:16,16:43:54,16:48:48,17:30:10
15610,17:05:49,17:06:18,17:30:15,17:32:57,17:37:56,18:23:03
15611,17:08:36,17:09:22,17:33:50,17:35:56,17:39:09,18:24:39
15612,17:40:26,17:40:43,18:02:45,18:05:29,18:08:02,18:42:18
15613,18:24:35,18:24:59,18:48:38,18:50:12,18:52:59,19:29:36
15614,18:24:57,18:27:15,18:45:47,18:46:25,18:49:56,19:23:43
15615,19:54:45,19:55:04,20:13:29,20:13:39,20:18:16,20:55:29
15616,20:27:45,20:28:17,20:46:44,20:47:22,20:50:16,21:10:23
15617,20:57:16,20:57:34,21:17:09,21:17:52,21:23:43,22:05:38
15618,22:07:35,22:07:50,22:23:39,22:23:52,22:30:32,23:11:27
15619,22:07:59,22:10:18,22:28:01,22:28:19,22:35:10,23:16:20
15620,22:08:15,22:10:53,22:25:32,22:26:06,22:31:07,23:06:33
15621,22:08:25,22:10:51,22:27:23,22:27:32,22:33:26,23:10:10
15622,22:08:40,22:10:57,22:32:11,22:32:23,22:38:04,23:26:35
15623,23:58:25,23:58:45,00:14:43,00:14:52,00:21:13,00:56:22
15624,00:27:08,00:27:35,00:48:15,00:48:34,00:57:19,01:25:09
15625,01:09:45,01:10:25,01:32:47,01:33:07,01:41:17,02:20:05
15626,01:24:15,01:24:51,01:46:37,01:47:16,01:55:02,02:31:28
15627,01:36:05,01:36:21,01:54:03,01:54:36,02:07:08,02:45:05
15628,01:49:56,01:50:14,02:07:55,02:08:31,02:15:58,02:58:39
15629,01:50:46,01:51:24,02:13:58,02:14:44,02:22:09,03:10:43
15630,02:16:52,02:17:41,02:42:24,02:43:30,02:49:02,03:36:43
15631,02:57:36,02:57:55,03:30:06,03:30:41,03:34:13,04:26:25
15632,03:04:05,03:05:08,03:35:03,03:36:17,03:39:44,04:37:34
15633,03:05:16,03:06:00,03:23:07,03:23:44,03:27:56,03:59:45
15634,03:06:15,03:07:47,03:26:45,03:29:52,03:32:12,04:04:42
15635,03:25:05,03:25:21,03:42:25,03:43:05,03:46:21,04:05:12
15637,05:06:18,05:06:39,05:23:41,05:24:04,05:29:24,06:22:57
15638,05:14:55,05:15:38,05:27:50,05:28:04,05:31:48,06:05:19
15639,05:15:56,05:17:16,05:58:08,06:00:32,06:12:04,07:24:54
15640,05:54:43,05:55:45,06:38:24,06:42:10,06:52:25,08:59:08
15641,08:15:14,08:15:35,08:35:11,08:36:36,08:41:15,09:15:36
15642,08:16:21,08:17:13,09:30:37,09:30:37,09:30:37,09:32:06
15643,08:43:45,08:44:00,08:59:49,09:00:09,09:03:33,09:37:08
15644,08:44:40,08:45:00,09:04:17,09:04:44,09:09:10,09:52:43
15645,08:45:05,08:46:08,09:01:36,09:01:57,09:05:12,09:38:38
15646,08:45:48,08:46:31,09:05:34,09:06:54,09:11:05,10:00:18
15647,09:02:35,09:03:18,09:20:27,09:20:51,09:24:46,10:05:24
15648,09:08:35,09:08:54,09:23:07,09:23:45,09:26:22,09:57:59
15650,09:37:59,09:38:39,09:52:59,09:53:40,09:56:44,10:29:16
15652,10:48:05,10:48:30,11:03:45,11:04:50,11:07:08,11:42:02
15653,11:06:18,11:07:15,11:32:02,11:32:35,11:35:45,12:12:58
15654,11:07:15,11:09:23,11:23:13,11:24:05,11:28:11,12:01:50
15655,11:26:27,11:27:14,11:41:08,11:41:59,11:45:09,12:19:19
15656,12:02:15,12:03:02,12:18:41,12:20:05,12:23:38,12:59:14
15657,12:28:30,12:29:21,12:49:58,12:50:40,12:54:50,13:35:07
15658,13:30:46,13:31:34,13:51:41,13:52:31,13:56:58,14:46:25
15659,13:40:36,13:40:54,14:00:30,14:01:18,14:05:59,14:51:01
15660,14:27:59,14:28:20,14:51:21,14:52:09,14:56:35,15:45:57
15662,15:15:08,15:15:30,15:37:28,15:38:29,15:44:30,16:34:38
15663,16:03:38,16:03:56,16:24:32,16:24:32,16:24:32,16:25:23
15669,16:26:25,16:29:42,16:52:14,16:52:55,16:55:08,17:16:47
15670,16:41:44,16:42:59,17:02:26,17:02:44,17:06:39,17:29:24
15671,16:41:49,16:43:01,17:01:42,17:02:17,17:05:55,17:42:00
15672,16:42:16,16:44:42,17:07:46,17:08:38,17:13:57,18:01:00
15673,16:42:25,16:44:46,17:06:25,17:07:19,17:13:27,18:00:40
15675,17:14:35,17:14:52,17:32:43,17:32:53,17:36:59,18:13:05
15676,17:16:07,17:16:56,17:38:48,17:39:57,17:45:02,18:31:17
15678,17:22:45,17:23:09,17:41:47,17:42:37,17:46:38,18:01:46
15679,17:33:15,17:34:13,17:51:51,17:52:23,17:57:50,18:12:44
15680,17:33:45,17:35:48,17:52:32,17:53:04,17:58:07,18:12:34
15681,17:34:15,17:35:49,17:53:33,17:54:07,17:58:41,18:13:41
15683,17:55:45,17:56:03,18:13:58,18:14:31,18:20:04,18:55:59
15686,18:21:47,18:22:03,18:40:20,18:40:54,18:44:39,19:19:44
15687,18:28:05,18:30:11,18:47:23,18:47:32,18:50:04,19:18:55
15688,18:28:27,18:31:06,18:48:02,18:48:32,18:53:26,19:26:21
15689,18:28:49,18:31:10,18:54:59,18:55:12,18:58:23,19:26:10
15690,18:29:07,18:31:13,18:49:30,18:50:05,18:54:44,19:32:02
15691,19:03:36,19:03:52,19:25:03,19:25:46,19:31:38,20:05:42
